target,unit_format,model,val_mae,val_mse,val_rmse,val_R2,test_mae,test_mse,test_rmse,test_R2
VEGFR2_str_act,pic50,AttentiveFP_net,,,,,,,,
VEGFR2_str_act,pic50,ChemProp_DMPNN,0.365576,0.345305,0.587627,0.820142,0.36866,0.366379,0.605292,0.815416
VEGFR2_str_act,pic50,DMPNN_Change,0.6445397,0.8049987,0.8972172,0.5807037,0.6548832,0.8370778,0.9149195,0.5782738
VEGFR2_str_act,pic50,GAT_net,0.7016296,0.921702,0.9600531,0.5199166,0.7258005,0.9890393,0.9945045,0.5017146
VEGFR2_str_act,pic50,GCN_net,0.8967819,1.2952281,1.1380809,0.3253596,0.8994806,1.4045795,1.1851496,0.2923622
VEGFR2_str_act,pic50,GIN_net,0.7891303,1.0781453,1.0383377,0.4384308,0.7885754,1.1410423,1.0681958,0.4251342
VEGFR2_str_act,pic50,MPNN_net,0.3796159,0.4148531,0.6440909,0.7839172,0.3923372,0.4700733,0.6856189,0.7631735
VEGFR2_str_act,pic50,svm,,,,,0.3858513,0.477944,0.6913349,0.7592083
VEGFR2_str_act,pic50,xgboost,,,,,0.4034525,0.397187,0.6302277,0.7998942
VEGFR2_str_act,pic50,rf,,,,,0.3309607,0.3776419,0.6145257,0.8097411
EGFR_str_act,pic50,AttentiveFP_net,,,,,,,,
EGFR_str_act,pic50,ChemProp_DMPNN,0.450116,0.491719,0.701227,0.781795,0.457257,0.491089,0.700777,0.780038
EGFR_str_act,pic50,DMPNN_Change,0.7657083,1.0836914,1.041005,0.5191013,0.7734813,1.0901048,1.0440809,0.5117337
EGFR_str_act,pic50,GAT_net,0.7839838,1.0949543,1.0464006,0.5141031,0.7798849,1.1120866,1.0545551,0.5018879
EGFR_str_act,pic50,GCN_net,,,,,,,,
EGFR_str_act,pic50,GIN_net,0.7632819,1.0449428,1.0222244,0.5362962,0.7787307,1.0807225,1.0395781,0.515936
EGFR_str_act,pic50,MPNN_net,0.478533,0.6020082,0.7758918,0.732853,0.4924818,0.609884,0.7809507,0.7268283
EGFR_str_act,pic50,svm,,,,,0.4812777,0.5906543,0.7685404,0.7354412
EGFR_str_act,pic50,xgboost,,,,,0.4789087,0.4885222,0.6989436,0.7811871
EGFR_str_act,pic50,rf,,,,,0.4050181,0.4700033,0.6855679,0.789482
VEGFR1_str_act,pic50,AttentiveFP_net,,,,,,,,
VEGFR1_str_act,pic50,ChemProp_DMPNN,0.21948,0.20865,0.456782,0.874222,0.248202,0.267228,0.516941,0.837714
VEGFR1_str_act,pic50,DMPNN_Change,0.6620771,0.8786851,0.937382,0.4703122,0.7087269,1.0864754,1.0423413,0.3401923
VEGFR1_str_act,pic50,GAT_net,1.1795939,1.1795939,1.0860911,0.288919,0.8443025,1.3389965,1.1571502,0.1868384
VEGFR1_str_act,pic50,GCN_net,,,,,,,,
VEGFR1_str_act,pic50,GIN_net,0.8226507,1.281342,1.1319638,0.2275833,0.8396087,1.3910823,1.1794415,0.1552071
VEGFR1_str_act,pic50,MPNN_net,0.2748958,0.3315719,0.5758228,0.8001224,0.3035775,0.3855834,0.6209536,0.7658384
VEGFR1_str_act,pic50,svm,,,,,0.2518184,0.3495086,0.5911925,0.7877464
VEGFR1_str_act,pic50,xgboost,,,,,0.2571516,0.2462144,0.4961999,0.8504763
VEGFR1_str_act,pic50,rf,,,,,0.2135471,0.2392218,0.4891031,0.8547227
VEGFR3_str_act,pic50,AttentiveFP_net,,,,,,,,
VEGFR3_str_act,pic50,ChemProp_DMPNN,0.328029,0.299769,0.547511,0.817456,0.322676,0.356141,0.596776,0.782533
VEGFR3_str_act,pic50,DMPNN_Change,0.5642386,0.6454832,0.8034197,0.6069334,0.5761647,0.6757297,0.8220278,0.5873853
VEGFR3_str_act,pic50,GAT_net,0.653856,0.8208253,0.9059941,0.5001589,0.6881264,0.8887722,0.9427471,0.457297
VEGFR3_str_act,pic50,GCN_net,0.7842525,0.9593306,0.9794542,0.4158162,0.7397946,0.9410637,0.9700844,0.4253668
VEGFR3_str_act,pic50,GIN_net,0.6208975,0.7417001,0.8612201,0.5483422,0.6048192,0.7347204,0.8571583,0.5513644
VEGFR3_str_act,pic50,MPNN_net,0.3733353,0.442903,0.6655096,0.7302945,0.3593566,0.4016603,0.6337668,0.7547378
VEGFR3_str_act,pic50,svm,,,,,0.2667494,0.2779582,0.5272174,0.8302731
VEGFR3_str_act,pic50,xgboost,,,,,0.2945977,0.2915313,0.5399364,0.8219848
VEGFR3_str_act,pic50,rf,,,,,0.2356312,0.2248716,0.4742062,0.8626887
C_src_tyrosine_kinase_str_act,pic50,AttentiveFP_net,,,,,,,,
C_src_tyrosine_kinase_str_act,pic50,ChemProp_DMPNN,0.352879,0.290938,0.539387,0.856862,0.36169,0.321251,0.56679,0.842924
C_src_tyrosine_kinase_str_act,pic50,DMPNN_Change,0.6978709,0.8683591,0.9318579,0.5727788,0.7248514,0.9477072,0.9735026,0.5366168
C_src_tyrosine_kinase_str_act,pic50,GAT_net,0.769411,1.0486922,1.0240567,0.4840575,0.7630265,1.0762665,1.0374327,0.4737574
C_src_tyrosine_kinase_str_act,pic50,GCN_net,,,,,,,,
C_src_tyrosine_kinase_str_act,pic50,GIN_net,0.7427388,0.9717594,0.9857786,0.5219073,0.7510311,1.0413169,1.0204494,0.4908461
C_src_tyrosine_kinase_str_act,pic50,MPNN_net,0.4165742,0.433631,0.6585067,0.7866592,0.4386791,0.4621808,0.6798388,0.7740158
C_src_tyrosine_kinase_str_act,pic50,svm,,,,,0.3874657,0.4156071,0.644676,0.7967882
C_src_tyrosine_kinase_str_act,pic50,xgboost,,,,,0.3950373,0.3580951,0.5984105,0.8249089
C_src_tyrosine_kinase_str_act,pic50,rf,,,,,0.343298,0.3510255,0.5924741,0.8283654
Anaplastic_lymphoma_kinase_str_act,pic50,AttentiveFP_net,,,,,,,,
Anaplastic_lymphoma_kinase_str_act,pic50,ChemProp_DMPNN,0.35396,0.280803,0.529909,0.777219,0.325783,0.218999,0.467973,0.826157
Anaplastic_lymphoma_kinase_str_act,pic50,DMPNN_Change,0.610985,0.6568267,0.8104485,0.4788922,0.600224,0.6276059,0.7922158,0.5018024
Anaplastic_lymphoma_kinase_str_act,pic50,GAT_net,0.5413661,0.5488179,0.7408224,0.5645832,0.5357295,0.5233896,0.7234567,0.5845299
Anaplastic_lymphoma_kinase_str_act,pic50,GCN_net,,,,,,,,
Anaplastic_lymphoma_kinase_str_act,pic50,GIN_net,0.5828987,0.6072139,0.7792393,0.5182535,0.5670885,0.5896833,0.7679084,0.5319055
Anaplastic_lymphoma_kinase_str_act,pic50,MPNN_net,0.3715991,0.3157773,0.5619406,0.7494713,0.3614093,0.2867816,0.5355199,0.772351
Anaplastic_lymphoma_kinase_str_act,pic50,svm,,,,,0.3088494,0.2467342,0.4967234,0.804141
Anaplastic_lymphoma_kinase_str_act,pic50,xgboost,,,,,0.3374038,0.2373523,0.4871881,0.8115883
Anaplastic_lymphoma_kinase_str_act,pic50,rf,,,,,0.2816016,0.2172125,0.4660606,0.8275753
PDGFR_beta_str_act,pic50,AttentiveFP_net,,,,,,,,
PDGFR_beta_str_act,pic50,ChemProp_DMPNN,0.340436,0.3354,0.579137,0.824911,0.343609,0.348217,0.590099,0.812773
PDGFR_beta_str_act,pic50,DMPNN_Change,0.6408287,0.8210042,0.9060928,0.5714101,0.6764947,0.9145764,0.9563349,0.5082568
PDGFR_beta_str_act,pic50,GAT_net,0.7894466,1.13051,1.0632544,0.4098385,0.7710155,1.0800762,1.0392672,0.4192719
PDGFR_beta_str_act,pic50,GCN_net,,,,,,,,
PDGFR_beta_str_act,pic50,GIN_net,0.8273483,1.2226092,1.1057166,0.3617598,0.8383619,1.226736,1.1075811,0.3404169
PDGFR_beta_str_act,pic50,MPNN_net,0.3873471,0.4476099,0.6690365,0.7663336,0.3893477,0.4250921,0.6519909,0.7714396
PDGFR_beta_str_act,pic50,svm,,,,,0.3527078,0.407421,0.6382954,0.7809408
PDGFR_beta_str_act,pic50,xgboost,,,,,0.3682397,0.3561187,0.5967568,0.8085244
PDGFR_beta_str_act,pic50,rf,,,,,0.2974708,0.3249089,0.5700078,0.8253051
PDGFR_alpha_str_act,pic50,AttentiveFP_net,,,,,,,,
PDGFR_alpha_str_act,pic50,ChemProp_DMPNN,0.351769,0.465497,0.682273,0.756881,0.325614,0.335797,0.57948,0.820366
PDGFR_alpha_str_act,pic50,DMPNN_Change,0.780173,1.2386909,1.1129649,0.3530594,0.7490096,1.162991,1.0784206,0.3778596
PDGFR_alpha_str_act,pic50,GAT_net,0.6514484,1.1254871,1.0608897,0.4121833,0.6311105,1.0247923,1.0123203,0.4517888
PDGFR_alpha_str_act,pic50,GCN_net,,,,,,,,
PDGFR_alpha_str_act,pic50,GIN_net,0.7926445,1.2700274,1.1269549,0.3366931,0.7708388,1.1747298,1.0838495,0.3715798
PDGFR_alpha_str_act,pic50,MPNN_net,0.3993894,0.6429618,0.801849,0.6641955,0.3659399,0.4609378,0.678924,0.7534218
PDGFR_alpha_str_act,pic50,svm,,,,,0.3121438,0.3985692,0.6313233,0.7867861
PDGFR_alpha_str_act,pic50,xgboost,,,,,0.291335,0.2421394,0.4920766,0.870468
PDGFR_alpha_str_act,pic50,rf,,,,,0.2289995,0.243065,0.4930162,0.8699726
Aurora_kinase_A_str_act,pic50,AttentiveFP_net,,,,,,,,
Aurora_kinase_A_str_act,pic50,ChemProp_DMPNN,0.408021,0.421714,0.649395,0.786882,0.406182,0.386608,0.621778,0.800629
Aurora_kinase_A_str_act,pic50,DMPNN_Change,0.6830523,0.8505375,0.9222459,0.5701714,0.6789958,0.829989,0.9110373,0.5719814
Aurora_kinase_A_str_act,pic50,GAT_net,0.7673959,1.0820027,1.0401936,0.453198,0.4563838,0.7460947,0.9894277,0.4951544
Aurora_kinase_A_str_act,pic50,GCN_net,,,,,,,,
Aurora_kinase_A_str_act,pic50,GIN_net,0.784853,1.0750597,1.0368508,0.4567067,0.7466765,0.9537658,0.9766094,0.5081506
Aurora_kinase_A_str_act,pic50,MPNN_net,0.439545,0.4975942,0.7054036,0.7485352,0.4240913,0.4500247,0.6708388,0.767926
Aurora_kinase_A_str_act,pic50,svm,,,,,0.38856,0.381787,0.6178891,0.8031155
Aurora_kinase_A_str_act,pic50,xgboost,,,,,0.3950689,0.362286,0.601902,0.8131721
Aurora_kinase_A_str_act,pic50,rf,,,,,0.3392343,0.3192551,0.5650266,0.8353625
Aurora_kinase_B_str_act,pic50,AttentiveFP_net,,,,,,,,
Aurora_kinase_B_str_act,pic50,ChemProp_DMPNN,0.4291,0.447975,0.669309,0.703844,0.485462,0.605954,0.77843,0.592454
Aurora_kinase_B_str_act,pic50,DMPNN_Change,0.7291187,0.9590752,0.9793239,0.3659554,0.770019,1.1434019,1.0692997,0.2309828
Aurora_kinase_B_str_act,pic50,GAT_net,0.6957241,0.931098,0.9649342,0.384451,0.7021254,0.9628771,0.981263,0.3523981
Aurora_kinase_B_str_act,pic50,GCN_net,,,,,,,,
Aurora_kinase_B_str_act,pic50,GIN_net,0.7541998,1.0282231,1.0140134,0.3202418,0.7649981,1.073161,1.0359348,0.2782246
Aurora_kinase_B_str_act,pic50,MPNN_net,0.4660557,0.5849671,0.7648314,0.6132784,0.4708112,0.6194605,0.7870581,0.5833698
Aurora_kinase_B_str_act,pic50,svm,,,,,0.4255652,0.6002093,0.7747318,0.5963174
Aurora_kinase_B_str_act,pic50,xgboost,,,,,0.4592833,0.573198,0.7570984,0.6144847
Aurora_kinase_B_str_act,pic50,rf,,,,,0.3966378,0.5157017,0.7181237,0.6531547
BRAF_str_act,pic50,AttentiveFP_net,,,,,,,,
BRAF_str_act,pic50,ChemProp_DMPNN,0.415843,0.462049,0.679742,0.798311,0.365861,0.337147,0.580644,0.849544
BRAF_str_act,pic50,DMPNN_Change,0.7640004,1.0260017,1.0129174,0.552141,0.7420656,0.96386,0.9817637,0.569867
BRAF_str_act,pic50,GAT_net,0.8699748,1.2781995,1.1305748,0.4420543,0.8465953,1.1823048,1.0873384,0.4723835
BRAF_str_act,pic50,GCN_net,,,,,,,,
BRAF_str_act,pic50,GIN_net,0.824383,1.1385751,1.0670404,0.5030016,0.7431677,0.9321882,0.965499,0.5840008
BRAF_str_act,pic50,MPNN_net,0.4435716,0.5326414,0.7298229,0.7674971,0.3960689,0.4444505,0.6666712,0.8016589
BRAF_str_act,pic50,svm,,,,,0.3415992,0.392351,0.6263793,0.8249092
BRAF_str_act,pic50,xgboost,,,,,0.3742899,0.3567383,0.5972758,0.8408016
BRAF_str_act,pic50,rf,,,,,0.3202425,0.3899614,0.6244689,0.8259755
Bromodomain_containing_4_str_act,pic50,AttentiveFP_net,,,,,,,,
Bromodomain_containing_4_str_act,pic50,ChemProp_DMPNN,0.281504,0.173466,0.416492,0.855078,0.288071,0.180124,0.42441,0.846289
Bromodomain_containing_4_str_act,pic50,DMPNN_Change,0.6148006,0.5808209,0.5704631,0.7552901,0.5234069,0.5899471,0.5808461,0.5043269
Bromodomain_containing_4_str_act,pic50,GAT_net,0.5379924,0.519803,0.7209736,0.5657309,0.5194912,0.4687573,0.6846585,0.5999794
Bromodomain_containing_4_str_act,pic50,GCN_net,,,,,,,,
Bromodomain_containing_4_str_act,pic50,GIN_net,0.5432726,0.5253326,0.7247983,0.561111,0.5196942,0.4836714,0.6954649,0.5872523
Bromodomain_containing_4_str_act,pic50,MPNN_net,0.3534348,0.268425,0.5180974,0.7757446,0.3473184,0.2596263,0.5095354,0.7784443
Bromodomain_containing_4_str_act,pic50,svm,,,,,0.2830436,0.1980809,0.4450628,0.8309649
Bromodomain_containing_4_str_act,pic50,xgboost,,,,,0.2977972,0.20402,0.4516857,0.8258969
Bromodomain_containing_4_str_act,pic50,rf,,,,,0.265702,0.1864483,0.4317966,0.8408919
Brutons_tyrosine_kinase_str_act,pic50,AttentiveFP_net,,,,,,,,
Brutons_tyrosine_kinase_str_act,pic50,ChemProp_DMPNN,0.434215,0.396519,0.629698,0.763554,0.439367,0.415846,0.644861,0.754867
Brutons_tyrosine_kinase_str_act,pic50,DMPNN_Change,0.7886833,1.040514,1.0200559,0.379538,0.7946782,1.0436241,1.0215792,0.3848037
Brutons_tyrosine_kinase_str_act,pic50,GAT_net,0.7642953,0.9602004,0.9798981,0.4274292,0.7755087,0.9757856,0.9878186,0.4247932
Brutons_tyrosine_kinase_str_act,pic50,GCN_net,,,,,,,,
Brutons_tyrosine_kinase_str_act,pic50,GIN_net,0.7981402,1.0289934,1.0143931,0.3864078,0.8026768,1.0290601,1.014426,0.3933888
Brutons_tyrosine_kinase_str_act,pic50,MPNN_net,0.5490357,0.5987006,0.7737575,0.6429929,0.5410887,0.5890423,0.7674909,0.6527709
Brutons_tyrosine_kinase_str_act,pic50,svm,,,,,0.4286762,0.4393851,0.6628613,0.7409908
Brutons_tyrosine_kinase_str_act,pic50,xgboost,,,,,0.442806,0.3963788,0.6295862,0.7663423
Brutons_tyrosine_kinase_str_act,pic50,rf,,,,,0.3926435,0.3887435,0.623493,0.7708432
IGF1R_str_act,pic50,AttentiveFP_net,,,,,,,,
IGF1R_str_act,pic50,ChemProp_DMPNN,0.305195,0.229512,0.479075,0.922539,0.32751,0.282159,0.531187,0.902114
IGF1R_str_act,pic50,DMPNN_Change,0.5573482,0.6109425,0.7816281,0.7938062,0.590473,0.6688355,0.8178236,0.7679684
IGF1R_str_act,pic50,GAT_net,0.6385599,0.803438,0.8963471,0.7288389,0.6437404,0.8188152,0.9048841,0.7159376
IGF1R_str_act,pic50,GCN_net,,,,,,,,
IGF1R_str_act,pic50,GIN_net,0.6796752,0.8687921,0.9320902,0.7067817,0.6801256,0.8459587,0.9197601,0.706521
IGF1R_str_act,pic50,MPNN_net,0.3405108,0.2858062,0.5346085,0.90354,0.3735872,0.3753289,0.6126409,0.869791
IGF1R_str_act,pic50,svm,,,,,0.3136896,0.3136981,0.5600876,0.8911722
IGF1R_str_act,pic50,xgboost,,,,,0.3149145,0.2520531,0.5020489,0.912558
IGF1R_str_act,pic50,rf,,,,,0.2773852,0.2531126,0.503103,0.9121903
HDAC1_str_act,pic50,AttentiveFP_net,,,,,,,,
HDAC1_str_act,pic50,ChemProp_DMPNN,0.420756,0.366715,0.60557,0.768656,0.404799,0.363236,0.60269,0.770589
HDAC1_str_act,pic50,DMPNN_Change,0.7438939,0.9367815,0.9678747,0.4090273,0.7403683,0.9194568,0.9588831,0.4192918
HDAC1_str_act,pic50,GAT_net,0.7315361,0.8972607,0.9472385,0.4339592,0.707677,0.8339731,0.9132213,0.4732814
HDAC1_str_act,pic50,GCN_net,,,,,,,,
HDAC1_str_act,pic50,GIN_net,0.7935391,1.0360528,1.0178668,0.3464017,0.7980335,1.0443948,1.0219564,0.3403837
HDAC1_str_act,pic50,MPNN_net,0.4609256,0.4455119,0.6674668,0.7189469,0.473287,0.4739163,0.6884158,0.7006851
HDAC1_str_act,pic50,svm,,,,,0.446822,0.3986858,0.6314157,0.7481992
HDAC1_str_act,pic50,xgboost,,,,,0.4392407,0.3900033,0.6245025,0.7536827
HDAC1_str_act,pic50,rf,,,,,0.3881752,0.3408847,0.5838533,0.784705
HDAC2_str_act,pic50,AttentiveFP_net,,,,,,,,
HDAC2_str_act,pic50,ChemProp_DMPNN,0.436122,0.390839,0.625171,0.747526,0.408599,0.328452,0.573107,0.798228
HDAC2_str_act,pic50,DMPNN_Change,0.7441352,0.9370647,0.968021,0.3946739,0.7884183,1.0112697,1.0056191,0.3787653
HDAC2_str_act,pic50,GAT_net,0.657489,0.7870444,0.8871552,0.4915843,0.681106,0.8309061,0.9115405,0.4895648
HDAC2_str_act,pic50,GCN_net,,,,,,,,
HDAC2_str_act,pic50,GIN_net,0.8296173,1.1567897,1.0755416,0.2527356,0.8696771,1.1821217,1.0872542,0.273809
HDAC2_str_act,pic50,MPNN_net,0.512002,0.5733359,0.7571895,0.6296358,0.5026191,0.532027,0.7294018,0.6731697
HDAC2_str_act,pic50,svm,,,,,0.4639388,0.4501348,0.6709208,0.7234771
HDAC2_str_act,pic50,xgboost,,,,,0.4495877,0.3846563,0.6202067,0.7637013
HDAC2_str_act,pic50,rf,,,,,0.3884438,0.3540925,0.5950568,0.7824768
HDAC6_str_act,pic50,ChemProp_DMPNN,0.363687,0.281146,0.530232,0.787854,0.36199,0.286661,0.535408,0.775374
HDAC6_str_act,pic50,DMPNN_Change,0.6967401,0.7705925,0.877834,0.4185281,0.6868873,0.8032003,0.8962144,0.3706178
HDAC6_str_act,pic50,GAT_net,0.6321548,0.6919467,0.8318334,0.4778724,0.6631757,0.7636908,0.873894,0.4015773
HDAC6_str_act,pic50,GIN_net,0.7293437,0.8955333,0.9463262,0.3242507,0.6847414,0.8043296,0.8968443,0.3697329
HDAC6_str_act,pic50,MPNN_net,0.4317879,0.4065293,0.6375965,0.693242,0.4138228,0.3592883,0.5994066,0.7184642
HDAC6_str_act,pic50,svm,,,,,0.4223222,0.3836801,0.6194192,0.6993511
HDAC6_str_act,pic50,xgboost,,,,,0.4041388,0.3328688,0.5769479,0.7391663
HDAC6_str_act,pic50,rf,,,,,0.3686605,0.3085727,0.5554932,0.7582045
PIK3CA_str_act,pic50,ChemProp_DMPNN,0.407031,0.317921,0.563845,0.760104,0.378688,0.313773,0.560154,0.794705
PIK3CA_str_act,pic50,DMPNN_Change,0.6526634,0.7630372,0.87352,0.5043349,0.6615807,0.7611662,0.8724484,0.5019836
PIK3CA_str_act,pic50,GAT_net,0.66017,0.7925485,0.8902519,0.4851645,0.6662199,0.7971238,0.8928179,0.4784574
PIK3CA_str_act,pic50,GIN_net,0.722068,0.8937235,0.9453695,0.4194417,0.718349,0.8756529,0.9357633,0.4270771
PIK3CA_str_act,pic50,MPNN_net,0.4237712,0.443964,0.6663062,0.7116032,0.4007679,0.403643,0.6353291,0.735904
PIK3CA_str_act,pic50,svm,,,,,0.3733043,0.3559246,0.5965942,0.7671252
PIK3CA_str_act,pic50,xgboost,,,,,0.3832305,0.3149739,0.5612253,0.7939186
PIK3CA_str_act,pic50,rf,,,,,0.3375744,0.3014406,0.549036,0.8027735
PIK3CB_str_act,pic50,ChemProp_DMPNN,0.39967,0.350498,0.592029,0.809413,0.415994,0.34893,0.590703,0.808508
PIK3CB_str_act,pic50,DMPNN_Change,0.686354,0.8346085,0.9135691,0.5461726,0.641978,0.7106641,0.8430089,0.6099878
PIK3CB_str_act,pic50,GAT_net,0.7511031,0.9661678,0.9829384,0.4746361,0.7709721,1.0172238,1.0085751,0.4417478
PIK3CB_str_act,pic50,GIN_net,0.7248077,0.8827633,0.9395548,0.5199881,0.6811917,0.7766618,0.8812842,0.5737683
PIK3CB_str_act,pic50,MPNN_net,0.4498239,0.42708,0.6535136,0.7677706,0.4572672,0.4449373,0.6670362,0.7558184
PIK3CB_str_act,pic50,svm,,,,,0.3984101,0.3417013,0.5845523,0.8124743
PIK3CB_str_act,pic50,xgboost,,,,,0.4066565,0.3385802,0.5818764,0.814187
PIK3CB_str_act,pic50,rf,,,,,0.3684812,0.324425,0.5695832,0.8219556
PIK3CD_str_act,pic50,ChemProp_DMPNN,0.364317,0.276027,0.525383,0.839262,0.385764,0.306203,0.553356,0.82443
PIK3CD_str_act,pic50,DMPNN_Change,0.6399601,0.677975,0.8233924,0.6051978,0.6377213,0.6892834,0.830231,0.6047806
PIK3CD_str_act,pic50,GAT_net,0.629672,0.6986286,0.8358401,0.5931706,0.6376309,0.734914,0.8572713,0.578617
PIK3CD_str_act,pic50,GIN_net,0.5923897,0.6097107,0.7808397,0.6449499,0.5987148,0.6319053,0.7949247,0.6376799
PIK3CD_str_act,pic50,MPNN_net,0.4203979,0.3589603,0.599133,0.7909681,0.4226354,0.3635479,0.6029493,0.7915496
PIK3CD_str_act,pic50,svm,,,,,0.3782009,0.3263427,0.5712641,0.8128824
PIK3CD_str_act,pic50,xgboost,,,,,0.390007,0.3082098,0.5551665,0.8232796
PIK3CD_str_act,pic50,rf,,,,,0.3517996,0.2985243,0.5463738,0.828833
PIK3CG_str_act,pic50,ChemProp_DMPNN,0.356356,0.285158,0.534002,0.786046,0.337854,0.265239,0.515014,0.802801
PIK3CG_str_act,pic50,DMPNN_Change,0.5870116,0.6103129,0.7812253,0.5420826,0.5749887,0.5823829,0.7631401,0.5670119
PIK3CG_str_act,pic50,GAT_net,0.7084541,0.8647135,0.9298997,0.351206,0.6900608,0.8230138,0.9072011,0.3881084
PIK3CG_str_act,pic50,GIN_net,0.6669247,0.7832365,0.8850065,0.4123383,0.6468885,0.7423665,0.8616069,0.4480677
PIK3CG_str_act,pic50,MPNN_net,0.3746027,0.3287671,0.5733822,0.7533264,0.3679623,0.329529,0.5740461,0.7550029
PIK3CG_str_act,pic50,svm,,,,,0.3329848,0.2785671,0.5277946,0.7928918
PIK3CG_str_act,pic50,xgboost,,,,,0.3354096,0.2436394,0.4935984,0.8188599
PIK3CG_str_act,pic50,rf,,,,,0.3018081,0.2400334,0.489932,0.8215408
CHK1_str_act,pic50,ChemProp_DMPNN,0.548461,0.785934,0.886529,0.68906,0.539299,0.770585,0.87783,0.698028
CHK1_str_act,pic50,DMPNN_Change,0.8114405,1.2961555,1.1384882,0.4871997,0.8774561,1.4068547,1.1861091,0.4486913
CHK1_str_act,pic50,GAT_net,1.1463457,2.0369805,1.4272283,0.1941055,1.0874752,1.8452844,1.3584125,0.2768824
CHK1_str_act,pic50,GIN_net,1.0392731,1.7906884,1.3381661,0.2915465,1.0563919,1.7690973,1.3300742,0.3067381
CHK1_str_act,pic50,MPNN_net,0.6344446,0.9830112,0.9914692,0.6110893,0.628262,0.9380138,0.9685111,0.6324174
CHK1_str_act,pic50,svm,,,,,0.4990904,0.9098895,0.9538813,0.6434388
CHK1_str_act,pic50,xgboost,,,,,0.547055,0.7476648,0.8646761,0.7070103
CHK1_str_act,pic50,rf,,,,,0.4867517,0.7592495,0.8713492,0.7024705
FGFR1_str_act,pic50,ChemProp_DMPNN,0.325832,0.280595,0.529712,0.882892,0.330473,0.252671,0.502664,0.897017
FGFR1_str_act,pic50,DMPNN_Change,0.6243806,0.7780206,0.8820548,0.675288,0.6609677,0.7991503,0.893952,0.6742841
FGFR1_str_act,pic50,GAT_net,0.6844576,0.9093719,0.9536099,0.6204677,0.6704344,0.8938008,0.9454104,0.6357066
FGFR1_str_act,pic50,GIN_net,0.6547718,0.7807916,0.8836241,0.6741315,0.6530142,0.7771941,0.8815861,0.683233
FGFR1_str_act,pic50,MPNN_net,0.3917545,0.3891465,0.6238161,0.8375872,0.4030243,0.3874082,0.6224212,0.842101
FGFR1_str_act,pic50,svm,,,,,0.3347512,0.2978324,0.5457402,0.8786101
FGFR1_str_act,pic50,xgboost,,,,,0.3451833,0.2617254,0.5115911,0.8933266
FGFR1_str_act,pic50,rf,,,,,0.3225896,0.2797229,0.5288883,0.8859912
FGFR3_str_act,pic50,ChemProp_DMPNN,0.228595,0.174442,0.417663,0.889127,0.239165,0.203233,0.450814,0.874042
FGFR3_str_act,pic50,DMPNN_Change,0.5553749,0.5901963,0.7682424,0.6248802,0.5321472,0.5487036,0.7407453,0.6599308
FGFR3_str_act,pic50,GAT_net,0.5819817,0.6505768,0.8065834,0.5865032,0.56549,0.6110012,0.7816657,0.6213207
FGFR3_str_act,pic50,GIN_net,0.5813584,0.6370894,0.7981788,0.5950757,0.579784,0.6290768,0.7931436,0.6101179
FGFR3_str_act,pic50,MPNN_net,0.377676,0.3869974,0.6220912,0.7540303,0.3599028,0.3430653,0.5857178,0.787379
FGFR3_str_act,pic50,svm,,,,,0.2338165,0.2166011,0.4654042,0.8657574
FGFR3_str_act,pic50,xgboost,,,,,0.2467349,0.1981965,0.4451927,0.8771639
FGFR3_str_act,pic50,rf,,,,,0.1921904,0.1909906,0.4370247,0.88163
FGFR2_str_act,pic50,ChemProp_DMPNN,0.224597,0.140709,0.375111,0.852099,0.239512,0.13712,0.370297,0.850946
FGFR2_str_act,pic50,DMPNN_Change,0.6324592,0.7094045,0.8422616,0.2543349,0.6835152,0.7792555,0.8827545,0.1529209
FGFR2_str_act,pic50,GAT_net,0.6122341,0.6002881,0.7747826,0.3690286,0.613836,0.6441888,0.8026137,0.2997433
FGFR2_str_act,pic50,GIN_net,0.6013743,0.6360781,0.7975451,0.3314092,0.6173131,0.6425041,0.8015635,0.3015747
FGFR2_str_act,pic50,MPNN_net,0.3329871,0.2498557,0.4998557,0.7373732,0.3470294,0.261858,0.5117207,0.7153508
FGFR2_str_act,pic50,svm,,,,,0.223956,0.1570209,0.3962586,0.8293124
FGFR2_str_act,pic50,xgboost,,,,,0.2504207,0.1558184,0.3947384,0.8306198
FGFR2_str_act,pic50,rf,,,,,0.2002059,0.1338253,0.3658214,0.8545271
FLT3_str_act,pic50,ChemProp_DMPNN,0.370975,0.37912,0.615728,0.806975,0.357267,0.345651,0.587921,0.816145
FLT3_str_act,pic50,DMPNN_Change,0.7008515,0.9361537,0.9675503,0.523368,0.7028581,0.8602277,0.9274846,0.5424375
FLT3_str_act,pic50,GAT_net,0.6975885,0.9505984,0.9749864,0.5160137,0.6924218,0.9143687,0.9562263,0.5136395
FLT3_str_act,pic50,GIN_net,0.7473021,0.9670754,0.9833999,0.5076246,0.718264,0.8937615,0.9453896,0.5246004
FLT3_str_act,pic50,MPNN_net,0.460881,0.5825976,0.7632808,0.7033771,0.4207339,0.4454892,0.6674498,0.7630404
FLT3_str_act,pic50,svm,,,,,0.3611999,0.3893917,0.6240126,0.7928791
FLT3_str_act,pic50,xgboost,,,,,0.3802182,0.3596974,0.5997478,0.8086739
FLT3_str_act,pic50,rf,,,,,0.321512,0.334241,0.5781358,0.8222141
RET_proto_oncogene_str_act,pic50,ChemProp_DMPNN,0.311931,0.235139,0.484911,0.896213,0.309017,0.221882,0.471043,0.902949
RET_proto_oncogene_str_act,pic50,DMPNN_Change,0.5536752,0.5618978,0.7495984,0.751986,0.6235199,0.6596258,0.8121735,0.7114802
RET_proto_oncogene_str_act,pic50,GAT_net,0.5808797,0.6768972,0.8227376,0.7012269,0.6086417,0.7156528,0.8459626,0.686974
RET_proto_oncogene_str_act,pic50,GIN_net,0.6517791,0.7824471,0.8845604,0.6546384,0.6654162,0.7950091,0.8916328,0.6522636
RET_proto_oncogene_str_act,pic50,MPNN_net,0.4494653,0.4081406,0.6388588,0.8198524,0.4636763,0.434995,0.6595415,0.8097335
RET_proto_oncogene_str_act,pic50,svm,,,,,0.3414911,0.2813913,0.5304633,0.8769197
RET_proto_oncogene_str_act,pic50,xgboost,,,,,0.3420339,0.2647503,0.5145389,0.8841982
RET_proto_oncogene_str_act,pic50,rf,,,,,0.3102977,0.2654445,0.5152131,0.8838949
Farnesyl_protein_transferase_str_act,pic50,ChemProp_DMPNN,0.486954,0.533099,0.788902,0.788902,0.499993,0.528802,0.727188,0.792917
Farnesyl_protein_transferase_str_act,pic50,DMPNN_Change,0.7992744,1.2159996,1.1027237,0.5184842,0.7852051,1.2132771,1.1014886,0.5248703
Farnesyl_protein_transferase_str_act,pic50,GAT_net,0.9615796,1.5721429,1.2538512,0.3774573,0.9618329,1.5972518,1.2638243,0.3745024
Farnesyl_protein_transferase_str_act,pic50,GIN_net,0.8609,1.3320014,1.1541237,0.4725494,0.862009,1.3256907,1.1513864,0.4808482
Farnesyl_protein_transferase_str_act,pic50,MPNN_net,0.5787152,0.7994558,0.8941229,0.6834288,0.5536115,0.7223217,0.8498951,0.7171326
Farnesyl_protein_transferase_str_act,pic50,svm,,,,,0.4974064,0.6892251,0.8301958,0.7300934
Farnesyl_protein_transferase_str_act,pic50,xgboost,,,,,0.4890727,0.7180708,0.5156257,0.7980766
Farnesyl_protein_transferase_str_act,pic50,rf,,,,,0.4336278,0.5419994,0.7362061,0.7877483
11_beta_HSD1_str_act,pic50,ChemProp_DMPNN,0.421759,0.397832,0.630739,0.763958,0.429696,0.423512,0.650778,0.748785
11_beta_HSD1_str_act,pic50,DMPNN_Change,0.719012,0.8948712,0.9459763,0.4690542,0.726118,0.8668706,0.9310589,0.4857964
11_beta_HSD1_str_act,pic50,GAT_net,0.7510679,0.9785274,0.9892055,0.4194192,0.7090536,0.8813896,0.9388235,0.4771842
11_beta_HSD1_str_act,pic50,GIN_net,0.7566527,0.9606054,0.9801048,0.4300527,0.7121144,0.9018354,0.9496501,0.4650564
11_beta_HSD1_str_act,pic50,MPNN_net,0.4567955,0.4923722,0.7016924,0.7078652,0.4515023,0.4911605,0.7008285,0.7086573
11_beta_HSD1_str_act,pic50,svm,,,,,0.4346698,0.4794532,0.6924256,0.7156018
11_beta_HSD1_str_act,pic50,xgboost,,,,,0.4491712,0.4334153,0.6583428,0.7429102
11_beta_HSD1_str_act,pic50,rf,,,,,0.3983493,0.4124591,0.6422298,0.7553408
Cannabinoid_receptor_1_str_act,pic50,ChemProp_DMPNN,0.377062,0.423759,0.650968,0.796172,0.385193,0.464868,0.681812,0.797814
Cannabinoid_receptor_1_str_act,pic50,DMPNN_Change,0.655238,0.8591479,0.9269023,0.5867494,0.6819042,0.9415418,0.9703308,0.5904922
Cannabinoid_receptor_1_str_act,pic50,GAT_net,0.9280742,1.521702,1.2335729,0.2680607,0.9603264,1.7348551,1.317139,0.2454539
Cannabinoid_receptor_1_str_act,pic50,GIN_net,0.7822199,1.2216956,1.1053034,0.412364,0.7997727,1.312106,1.1454719,0.4293217
Cannabinoid_receptor_1_str_act,pic50,MPNN_net,0.3980921,0.492078,0.7014827,0.7633103,0.4453691,0.6895119,0.8303686,0.7001085
Cannabinoid_receptor_1_str_act,pic50,svm,,,,,0.370825,0.543406,0.7371608,0.7636548
Cannabinoid_receptor_1_str_act,pic50,xgboost,,,,,0.3711809,0.4186386,0.6470229,0.8179203
Cannabinoid_receptor_1_str_act,pic50,rf,,,,,0.2999065,0.3759147,0.6131188,0.8365022
Cathepsin_K_str_act,pic50,ChemProp_DMPNN,0.350179,0.295122,0.543251,0.88642,0.384132,0.401027,0.633267,0.845526
Cathepsin_K_str_act,pic50,DMPNN_Change,0.6676725,0.916016,0.9570873,0.6474636,0.7150474,1.1118427,1.0544395,0.5717231
Cathepsin_K_str_act,pic50,GAT_net,0.934749,1.527955,1.2361048,0.4119538,0.9296745,1.611442,1.2694259,0.3792799
Cathepsin_K_str_act,pic50,GIN_net,0.8443726,1.4246049,1.1935681,0.4517289,0.867774,1.5055846,1.2270227,0.4200557
Cathepsin_K_str_act,pic50,MPNN_net,0.4709462,0.6086479,0.7801589,0.7657566,0.522236,0.8028582,0.8960236,0.6907426
Cathepsin_K_str_act,pic50,svm,,,,,0.3959922,0.5352158,0.7315844,0.7938374
Cathepsin_K_str_act,pic50,xgboost,,,,,0.4065211,0.4981797,0.7058184,0.8081034
Cathepsin_K_str_act,pic50,rf,,,,,0.3545653,0.4767704,0.6904856,0.81635
Dipeptidyl_peptidase_4_str_act,pic50,ChemProp_DMPNN,0.382854,0.464979,0.681893,0.776345,0.475254,0.569093,0.754383,0.736496
Dipeptidyl_peptidase_4_str_act,pic50,DMPNN_Change,0.7900532,1.1024175,1.0499607,0.4831418,0.8256083,1.1865117,1.0892712,0.4506167
Dipeptidyl_peptidase_4_str_act,pic50,GAT_net,0.8550947,1.2272771,1.1078254,0.4246024,0.8456831,1.2316805,1.109811,0.4297023
Dipeptidyl_peptidase_4_str_act,pic50,GIN_net,0.88865,1.2627938,1.123741,0.4079509,0.8771664,1.2933102,1.137238,0.4011664
Dipeptidyl_peptidase_4_str_act,pic50,MPNN_net,0.5345632,0.691453,0.8315365,0.6758186,0.5319096,0.7272715,0.8528022,0.6632557
Dipeptidyl_peptidase_4_str_act,pic50,svm,,,,,0.4996343,0.6566218,0.810322,0.6959685
Dipeptidyl_peptidase_4_str_act,pic50,xgboost,,,,,0.4876875,0.5799325,0.761533,0.7314774
Dipeptidyl_peptidase_4_str_act,pic50,rf,,,,,0.4470867,0.5682411,0.7538177,0.7368909
Renin_str_act,pic50,ChemProp_DMPNN,0.572002,0.874574,0.935187,0.725681,0.58299,0.90033,0.948857,0.722496
Renin_str_act,pic50,DMPNN_Change,0.994126,1.8359901,1.3549871,0.424122,1.0511174,2.0738298,1.4400798,0.3607938
Renin_str_act,pic50,GAT_net,1.1310344,2.1937092,1.4811175,0.3119197,1.1280395,2.2784333,1.509448,0.2977299
Renin_str_act,pic50,GIN_net,1.0497776,2.0125957,1.4186598,0.3687278,1.0520143,2.0860966,1.4443326,0.3570128
Renin_str_act,pic50,MPNN_net,0.7633935,1.3123289,1.1455692,0.588374,0.7826238,1.4812587,1.2170697,0.543439
Renin_str_act,pic50,svm,,,,,0.5785727,1.0919797,1.0449783,0.6634245
Renin_str_act,pic50,xgboost,,,,,0.5921521,0.8908304,0.9438381,0.7254238
Renin_str_act,pic50,rf,,,,,0.5326315,0.9028231,0.9501701,0.7217273
Cathepsin_S_str_act,pic50,ChemProp_DMPNN,0.358774,0.301091,0.548718,0.869458,0.368218,0.315269,0.561488,0.86524
Cathepsin_S_str_act,pic50,DMPNN_Change,0.6975846,0.8839391,0.9401804,0.616756,0.732142,0.9414822,0.9703001,0.5975689
Cathepsin_S_str_act,pic50,GAT_net,0.8014774,1.1580847,1.0761434,0.4978965,0.7598803,1.0576619,1.0284269,0.5479084
Cathepsin_S_str_act,pic50,GIN_net,0.6522984,0.7884979,0.887974,0.658136,0.6230392,0.716959,0.8467343,0.69354
Cathepsin_S_str_act,pic50,MPNN_net,0.4911702,0.523198,0.7233242,0.7731604,0.4524511,0.4206269,0.6485575,0.8202056
Cathepsin_S_str_act,pic50,svm,,,,,0.3708381,0.3515393,0.5929075,0.8497365
Cathepsin_S_str_act,pic50,xgboost,,,,,0.3577771,0.3051784,0.5524295,0.8695533
Cathepsin_S_str_act,pic50,rf,,,,,0.3235215,0.3129865,0.559452,0.8662156
Janus_kinase_1_str_act,pic50,ChemProp_DMPNN,0.400653,0.403121,0.634918,0.809045,0.41088,0.447015,0.668592,0.781511
Janus_kinase_1_str_act,pic50,DMPNN_Change,0.6965343,0.9155577,0.9568478,0.5663075,0.7276642,0.9376713,0.9683343,0.5416913
Janus_kinase_1_str_act,pic50,GAT_net,0.8541062,1.2929387,1.1370746,0.387545,0.8433277,1.2157024,1.1025889,0.4057972
Janus_kinase_1_str_act,pic50,GIN_net,0.798946,1.1510593,1.0728743,0.4547524,0.8219464,1.1716825,1.0824428,0.4273129
Janus_kinase_1_str_act,pic50,MPNN_net,0.4769028,0.5298306,0.7278946,0.7490234,0.4643105,0.5275049,0.7262954,0.7421697
Janus_kinase_1_str_act,pic50,svm,,,,,0.4170856,0.4456371,0.6675606,0.7821845
Janus_kinase_1_str_act,pic50,xgboost,,,,,0.4232339,0.4091456,0.6396449,0.8000204
Janus_kinase_1_str_act,pic50,rf,,,,,0.3994817,0.4252696,0.6521269,0.7921395
Janus_kinase_2_str_act,pic50,ChemProp_DMPNN,0.405214,0.385631,0.620992,0.788203,0.39234,0.371872,0.609813,0.795693
Janus_kinase_2_str_act,pic50,DMPNN_Change,0.6651216,0.8217932,0.9065281,0.5486531,0.690758,0.8677329,0.9315218,0.5232658
Janus_kinase_2_str_act,pic50,GAT_net,0.7910555,1.1218378,1.0591684,0.383862,0.7933868,1.1098007,1.0534708,0.3902731
Janus_kinase_2_str_act,pic50,GIN_net,0.8208351,1.212716,1.1012338,0.3339496,0.816276,1.1865216,1.0892757,0.3481225
Janus_kinase_2_str_act,pic50,MPNN_net,0.4518236,0.5118519,0.7154382,0.7188798,0.4280429,0.4367905,0.6609013,0.7600263
Janus_kinase_2_str_act,pic50,svm,,,,,0.3957287,0.4224164,0.6499357,0.7679234
Janus_kinase_2_str_act,pic50,xgboost,,,,,0.410582,0.3844593,0.6200478,0.7887772
Janus_kinase_2_str_act,pic50,rf,,,,,0.3642208,0.3824511,0.6184263,0.7898806
Janus_kinase_3_str_act,pic50,ChemProp_DMPNN,0.415732,0.392458,0.626465,0.812705,0.399232,0.359749,0.599791,0.819354
Janus_kinase_3_str_act,pic50,DMPNN_Change,0.7034399,0.939129,0.9690867,0.551815,0.7014272,0.9250897,0.9618158,0.5354711
Janus_kinase_3_str_act,pic50,GAT_net,0.6573931,0.8926372,0.9447948,0.5740023,0.6591653,0.8248438,0.9082091,0.5858092
Janus_kinase_3_str_act,pic50,GIN_net,0.8468954,1.3261367,1.1515801,0.3671213,0.8399038,1.2443447,1.115502,0.3751591
Janus_kinase_3_str_act,pic50,MPNN_net,0.451908,0.5031491,0.70933,0.7598797,0.4366529,0.4717491,0.6868399,0.7631139
Janus_kinase_3_str_act,pic50,svm,,,,,0.3957351,0.4091268,0.6396302,0.7945593
Janus_kinase_3_str_act,pic50,xgboost,,,,,0.3940871,0.3468991,0.5889814,0.8258066
Janus_kinase_3_str_act,pic50,rf,,,,,0.3380489,0.3447901,0.5871883,0.8268654
MMP_3_str_act,pic50,ChemProp_DMPNN,0.418096,0.401969,0.63401,0.794532,0.443364,0.446843,0.668463,0.759796
MMP_3_str_act,pic50,DMPNN_Change,0.672735,0.8214181,0.9063212,0.5801287,0.6852067,0.8347587,0.9136513,0.5512695
MMP_3_str_act,pic50,GAT_net,0.7046723,0.9456659,0.9724536,0.5166189,0.6837764,0.8389092,0.9159199,0.5490385
MMP_3_str_act,pic50,GIN_net,0.8050577,1.0730133,1.0358636,0.4515248,0.7782679,0.985865,0.9929074,0.4700412
MMP_3_str_act,pic50,MPNN_net,0.5268233,0.5958808,0.7719331,0.6954133,0.5416379,0.6264407,0.7914801,0.6632521
MMP_3_str_act,pic50,svm,,,,,0.433230581,0.424533651,0.651562469,0.771788836
MMP_3_str_act,pic50,xgboost,,,,,0.442807113,0.435219922,0.659711999,0.766044497
MMP_3_str_act,pic50,rf,,,,,0.404137986,0.441413686,0.66438971,0.762715042
MMP_9_str_act,pic50,ChemProp_DMPNN,0.473423,0.581708,0.762698,0.792693,0.429496,0.396715,0.629853,0.85316
MMP_9_str_act,pic50,DMPNN_Change,0.8185221,1.2830513,1.1327185,0.5427512,0.81024,1.1746098,1.0837942,0.5652306
MMP_9_str_act,pic50,GAT_net,0.7959673,1.1881218,1.09001,0.5765818,0.757636,1.0054543,1.0027234,0.6278418
MMP_9_str_act,pic50,GIN_net,0.7915968,1.1889203,1.0903762,0.5762971,0.7804519,1.0978024,1.0477607,0.5936601
MMP_9_str_act,pic50,MPNN_net,0.6151594,0.8854121,0.9409634,0.6844603,0.5850285,0.6708159,0.8190335,0.7517046
MMP_9_str_act,pic50,svm,,,,,0.484921758,0.529448526,0.727632137,0.804030478
MMP_9_str_act,pic50,xgboost,,,,,0.446962395,0.421825062,0.64948061,0.843866169
MMP_9_str_act,pic50,rf,,,,,0.417976929,0.436738682,0.660862075,0.838345706
MMP_13_str_act,pic50,ChemProp_DMPNN,0.560697,0.649149,0.805698,0.758512,0.581049,0.581049,0.762266,0.781975
MMP_13_str_act,pic50,DMPNN_Change,0.8205238,1.1824978,1.0874271,0.5601029,0.8519636,1.2543927,1.1199967,0.5293193
MMP_13_str_act,pic50,GAT_net,1.0099527,1.6139766,1.2704238,0.39959,1.0091816,1.6172322,1.2717044,0.3931724
MMP_13_str_act,pic50,GIN_net,0.9233493,1.4250358,1.1937486,0.4698773,0.9381806,1.4657514,1.2106822,0.4500121
MMP_13_str_act,pic50,MPNN_net,0.6074836,0.777311,0.8816524,0.7108352,0.6097075,0.833963,0.9132158,0.6870754
MMP_13_str_act,pic50,svm,,,,,0.566833267,0.71771254,0.847179166,0.730695605
MMP_13_str_act,pic50,xgboost,,,,,0.549015901,0.600462173,0.774894943,0.774690986
MMP_13_str_act,pic50,rf,,,,,0.489015595,0.564020339,0.751012875,0.788364708
Nuclear_receptor_ROR_gamma_T_str_act,pic50,ChemProp_DMPNN,0.340437,0.238278,0.488137,0.701382,0.337579,0.220507,0.469581,0.703485
Nuclear_receptor_ROR_gamma_T_str_act,pic50,DMPNN_Change,0.5806564,0.5599366,0.7482891,0.298268,0.5913139,0.5584237,0.7472775,0.2490891
Nuclear_receptor_ROR_gamma_T_str_act,pic50,GAT_net,0.5459731,0.5193324,0.7206472,0.3491547,0.5622516,0.5494417,0.7412433,0.261167
Nuclear_receptor_ROR_gamma_T_str_act,pic50,GIN_net,0.4987885,0.4600352,0.678259,0.423468,0.4943123,0.4454527,0.6674225,0.4010009
Nuclear_receptor_ROR_gamma_T_str_act,pic50,MPNN_net,0.3933245,0.3148515,0.5611163,0.6054173,0.3865235,0.2948248,0.5429777,0.6035499
Nuclear_receptor_ROR_gamma_T_str_act,pic50,svm,,,,,0.335879017,0.245098388,0.495074124,0.670416772
Nuclear_receptor_ROR_gamma_T_str_act,pic50,xgboost,,,,,0.344181802,0.236355679,0.486164251,0.682173133
Nuclear_receptor_ROR_gamma_T_str_act,pic50,rf,,,,,0.320425459,0.226742326,0.47617468,0.695100188
Phosphodiesterase_4_str_act,pic50,ChemProp_DMPNN,0.478512,0.526695,0.725737,0.779994,0.513416,0.742686,0.861792,0.695052
Phosphodiesterase_4_str_act,pic50,DMPNN_Change,0.7922882,1.1975329,1.0943185,0.4997769,0.8838146,1.4951883,1.2227789,0.3860741
Phosphodiesterase_4_str_act,pic50,GAT_net,0.9998207,1.8872167,1.3737601,0.2116883,1.063619,2.1608016,1.4699665,0.1127724
Phosphodiesterase_4_str_act,pic50,GIN_net,0.9375588,1.7188426,1.3110464,0.28202,0.9773931,1.8276726,1.3519144,0.2495556
Phosphodiesterase_4_str_act,pic50,MPNN_net,0.5660128,0.7238768,0.8508095,0.6976284,0.5980949,0.9013295,0.9493837,0.6299131
Phosphodiesterase_4_str_act,pic50,svm,,,,,0.551522498,0.887100024,0.941859875,0.635755658
Phosphodiesterase_4_str_act,pic50,xgboost,,,,,0.517796847,0.698630836,0.835841394,0.713141382
Phosphodiesterase_4_str_act,pic50,rf,,,,,0.4904793,0.708576271,0.841769726,0.709057868
Spleen_tyrosine_kinase_str_act,pic50,ChemProp_DMPNN,0.310885,0.242703,0.492649,0.859994,0.310096,0.245968,0.495951,0.855014
Spleen_tyrosine_kinase_str_act,pic50,DMPNN_Change,0.573143,0.6115676,0.7820279,0.6472107,0.5689374,0.595069,0.7714072,0.6492366
Spleen_tyrosine_kinase_str_act,pic50,GAT_net,0.5897539,0.7280013,0.8532299,0.5800447,0.5643585,0.6487952,0.8054782,0.6175677
Spleen_tyrosine_kinase_str_act,pic50,GIN_net,0.6347513,0.7847433,0.8858574,0.5473126,0.6318133,0.7727427,0.8790579,0.5445068
Spleen_tyrosine_kinase_str_act,pic50,MPNN_net,0.3299537,0.2782036,0.5274501,0.8395156,0.3363933,0.2958905,0.5439582,0.8255873
Spleen_tyrosine_kinase_str_act,pic50,svm,,,,,0.30550719,0.266213578,0.515958892,0.843080342
Spleen_tyrosine_kinase_str_act,pic50,xgboost,,,,,0.329880737,0.247765833,0.49776082,0.853954375
Spleen_tyrosine_kinase_str_act,pic50,rf,,,,,0.282424562,0.240577909,0.49048742,0.858191371
TNF_alpha_str_act,pic50,ChemProp_DMPNN,0.110509,0.040926,0.202303,0.954051,0.152761,0.118482,0.344212,0.835765
TNF_alpha_str_act,pic50,DMPNN_Change,0.5722795,0.6435551,0.8022189,0.2774651,0.6323288,0.6556612,0.8097291,0.0911475
TNF_alpha_str_act,pic50,GAT_net,0.4215933,0.44555,0.6674953,0.4997702,0.4347049,0.3951806,0.6286339,0.4522157
TNF_alpha_str_act,pic50,GIN_net,0.5618076,0.5574263,0.7466099,0.3741639,0.583762,0.5035163,0.7095889,0.3020449
TNF_alpha_str_act,pic50,MPNN_net,0.3013427,0.2481316,0.4981281,0.7214168,0.3110407,0.2892168,0.5377888,0.5990987
TNF_alpha_str_act,pic50,svm,,,,,0.166768931,0.11245608,0.335344718,0.844117641
TNF_alpha_str_act,pic50,xgboost,,,,,0.190038039,0.120432559,0.347033945,0.83306098
TNF_alpha_str_act,pic50,rf,,,,,0.159463135,0.14219444,0.377086781,0.802895486
AKT1_str_act,pic50,ChemProp_DMPNN,0.42808,0.43268,0.657784,0.783419,0.465744,0.502776,0.709067,0.753669
AKT1_str_act,pic50,DMPNN_Change,0.6559711,0.8027483,0.8959622,0.5981783,0.730923,0.9872046,0.9935817,0.516327
AKT1_str_act,pic50,GAT_net,0.8523794,1.1690011,1.0812035,0.4148478,0.858736,1.1874759,1.0897137,0.4182057
AKT1_str_act,pic50,GIN_net,0.9543526,1.3953369,1.1812438,0.3015538,0.9740244,1.466236,1.2108823,0.2816296
AKT1_str_act,pic50,MPNN_net,0.5456246,0.6059223,0.7784101,0.6967012,0.5652586,0.685418,0.8278997,0.6641849
AKT1_str_act,pic50,svm,,,,,0.453393642,0.595551951,0.771720125,0.708214104
AKT1_str_act,pic50,xgboost,,,,,0.456805811,0.47549453,0.689561114,0.767035246
AKT1_str_act,pic50,rf,,,,,0.453971627,0.577450025,0.759901326,0.717082977
AKT2_str_act,pic50,ChemProp_DMPNN,0.314719,0.262976,0.512812,0.880096,0.354817,0.377047,0.614042,0.823793
AKT2_str_act,pic50,DMPNN_Change,0.7503959,1.0051676,1.0025805,0.5416923,0.7896557,1.0608305,1.0299663,0.5042382
AKT2_str_act,pic50,GAT_net,0.6643747,0.776932,0.8814375,0.6457567,0.6904681,0.9193252,0.9588145,0.5703683
AKT2_str_act,pic50,GIN_net,0.6598138,0.7690628,0.8769623,0.6493447,0.7390203,1.0118281,1.0058967,0.5271387
AKT2_str_act,pic50,MPNN_net,0.4275485,0.4442398,0.6665132,0.7974482,0.4574129,0.5283111,0.7268501,0.7531022
AKT2_str_act,pic50,svm,,,,,0.352646939,0.408398359,0.639060529,0.809141695
AKT2_str_act,pic50,xgboost,,,,,0.377616295,0.382378603,0.618367692,0.82130152
AKT2_str_act,pic50,rf,,,,,0.325154579,0.361323973,0.601102299,0.831141174
AKT3_str_act,pic50,ChemProp_DMPNN,0.153393,0.102007,0.319385,0.954492,0.175929,0.162567,0.403196,0.926553
AKT3_str_act,pic50,DMPNN_Change,0.4743273,0.4960476,0.7043065,0.7787006,0.5689239,0.6905122,0.8309707,0.6880322
AKT3_str_act,pic50,GAT_net,0.5358307,0.6197261,0.7872269,0.7235246,0.5740648,0.7109956,0.8432055,0.6787779
AKT3_str_act,pic50,GIN_net,0.5529195,0.7054998,0.8399403,0.6852587,0.5787592,0.7519947,0.8671763,0.6602549
AKT3_str_act,pic50,MPNN_net,0.302197,0.2641611,0.5139661,0.8821511,0.3861036,0.4658549,0.6825356,0.7895305
AKT3_str_act,pic50,svm,,,,,0.184910187,0.134461181,0.366689489,0.939251482
AKT3_str_act,pic50,xgboost,,,,,0.196452574,0.145268824,0.381141475,0.93436867
AKT3_str_act,pic50,rf,,,,,0.157984068,0.133119562,0.364855536,0.939857662
Angiotensin_converting_enzyme_str_act,pic50,ChemProp_DMPNN,0.810534,1.38637,1.177442,0.671577,0.830598,1.645249,1.282673,0.627028
Angiotensin_converting_enzyme_str_act,pic50,DMPNN_Change,1.2668813,3.3595768,1.8329148,0.2041351,1.4016409,4.0450231,2.0112243,0.0830091
Angiotensin_converting_enzyme_str_act,pic50,GAT_net,1.0920023,2.8810539,1.6973668,0.3174944,1.1525856,3.2497368,1.8027026,0.2632973
Angiotensin_converting_enzyme_str_act,pic50,GIN_net,1.116213,3.0915346,1.758276,0.2676327,1.1864652,3.4887539,1.8678206,0.2091131
Angiotensin_converting_enzyme_str_act,pic50,MPNN_net,0.9731597,2.5768716,1.6052637,0.3895535,1.0104605,2.9411241,1.7149706,0.3332587
Angiotensin_converting_enzyme_str_act,pic50,svm,,,,,0.824356013,2.490923729,1.578266051,0.435317338
Angiotensin_converting_enzyme_str_act,pic50,xgboost,,,,,0.739574548,1.587780577,1.260071655,0.640056252
Angiotensin_converting_enzyme_str_act,pic50,rf,,,,,0.698811387,1.384944503,1.176836651,0.686038435
BCL2_str_act,pic50,ChemProp_DMPNN,0.276932,0.159157,0.398945,0.929259,0.328288,0.279696,0.528863,0.877343
BCL2_str_act,pic50,DMPNN_Change,0.5982517,0.6623972,0.8138779,0.7055817,0.686868,0.8595077,0.9270964,0.6230746
BCL2_str_act,pic50,GAT_net,0.7613164,1.0780207,1.0382778,0.5208479,0.770009,1.1262378,1.0612435,0.5061039
BCL2_str_act,pic50,GIN_net,0.6089226,0.684566,0.827385,0.6957283,0.6864834,0.7979815,0.8932981,0.6500562
BCL2_str_act,pic50,MPNN_net,0.4640259,0.4503502,0.6710814,0.7998309,0.4646551,0.4428222,0.6654489,0.8058062
BCL2_str_act,pic50,svm,,,,,0.303795697,0.230039563,0.479624398,0.899119318
BCL2_str_act,pic50,xgboost,,,,,0.326776565,0.255099104,0.505073365,0.888129652
BCL2_str_act,pic50,rf,,,,,0.296477436,0.241447961,0.491373545,0.894116282
CDK1_str_act,pic50,ChemProp_DMPNN,0.301726,0.2663,0.516042,0.834128,0.331802,0.326228,0.571164,0.796316
CDK1_str_act,pic50,DMPNN_Change,0.7322964,0.9933512,0.99667,0.3812656,0.7822722,1.1219481,1.0592205,0.2994985
CDK1_str_act,pic50,GAT_net,0.9522304,1.3715468,1.1711306,0.1456966,0.9658425,1.4452448,1.2021834,0.0976442
CDK1_str_act,pic50,GIN_net,0.8048635,1.0917184,1.0448533,0.319995,0.8289861,1.1504241,1.0725782,0.2817191
CDK1_str_act,pic50,MPNN_net,0.7315268,1.0322052,1.015975,0.3570642,0.8160091,1.2073599,1.0987993,0.2461705
CDK1_str_act,pic50,svm,,,,,0.336013472,0.29665161,0.544657333,0.814782083
CDK1_str_act,pic50,xgboost,,,,,0.349870199,0.298509069,0.546359835,0.813622415
CDK1_str_act,pic50,rf,,,,,0.294555802,0.258963619,0.508884682,0.838312984
CDK2_str_act,pic50,ChemProp_DMPNN,0.498705,0.50003,0.707128,0.668187,0.589534,0.661131,0.8131,0.566269
CDK2_str_act,pic50,DMPNN_Change,0.8010297,1.0627702,1.0309075,0.2947603,0.8440731,1.1287899,1.0624452,0.2594649
CDK2_str_act,pic50,GAT_net,0.8934857,1.2541361,1.1198822,0.1677725,0.9781133,1.3722322,1.1714232,0.0997562
CDK2_str_act,pic50,GIN_net,0.7928892,1.0462123,1.0228452,0.3057479,0.8793241,1.1785985,1.0856328,0.2267883
CDK2_str_act,pic50,MPNN_net,0.6721633,0.7973854,0.8929644,0.4708661,0.7952083,1.0636403,1.0313294,0.302206
CDK2_str_act,pic50,svm,,,,,0.567699554,0.646261425,0.803903866,0.576024592
CDK2_str_act,pic50,xgboost,,,,,0.552613722,0.58903828,0.767488293,0.613565445
CDK2_str_act,pic50,rf,,,,,0.508048508,0.550366912,0.74186718,0.638935506
MAP2K1_str_act,pic50,ChemProp_DMPNN,0.318692,0.261485,0.511356,0.833247,0.301941,0.232929,0.482627,0.844637
MAP2K1_str_act,pic50,DMPNN_Change,0.6342104,0.7615806,0.8726859,0.5143261,0.6489336,0.7654366,0.8748924,0.4894557
MAP2K1_str_act,pic50,GAT_net,0.7749015,1.0180461,1.0089827,0.3507735,0.7473968,0.9440462,0.9716204,0.3703237
MAP2K1_str_act,pic50,GIN_net,0.6140447,0.6877326,0.8292964,0.5614205,0.6476485,0.7502027,0.8661424,0.4996168
MAP2K1_str_act,pic50,MPNN_net,0.3560793,0.3588984,0.5990813,0.7711241,0.377184,0.3932571,0.6271021,0.7376986
MAP2K1_str_act,pic50,svm,,,,,0.289688324,0.260124222,0.510023746,0.826497853
MAP2K1_str_act,pic50,xgboost,,,,,0.285673581,0.214992087,0.463672392,0.856600821
MAP2K1_str_act,pic50,rf,,,,,0.243462236,0.204675006,0.452410218,0.863482475
Mineralocorticoid_receptor_str_act,pic50,ChemProp_DMPNN,0.384894,0.339251,0.582453,0.384894,0.395156,0.336435,0.58003,0.74242
Mineralocorticoid_receptor_str_act,pic50,DMPNN_Change,0.6189982,0.7141651,0.8450829,0.4687167,0.6685592,0.8341632,0.9133254,0.3613515
Mineralocorticoid_receptor_str_act,pic50,GAT_net,0.723145,0.9150049,0.9565589,0.3193074,0.7248252,0.9394043,0.9692287,0.2807772
Mineralocorticoid_receptor_str_act,pic50,GIN_net,0.7002421,0.92753,0.9630836,0.3099897,0.6931614,0.8926723,0.9448134,0.3165561
Mineralocorticoid_receptor_str_act,pic50,MPNN_net,0.53191,0.5836356,0.7639605,0.5658205,0.5886582,0.7502521,0.8661709,0.4255953
Mineralocorticoid_receptor_str_act,pic50,svm,,,,,0.414594461,0.464121982,0.681264986,0.64466095
Mineralocorticoid_receptor_str_act,pic50,xgboost,,,,,0.387190707,0.329450728,0.573977985,0.747767389
Mineralocorticoid_receptor_str_act,pic50,rf,,,,,0.365124642,0.310829266,0.557520641,0.762024343
MMP_14_str_act,pic50,ChemProp_DMPNN,0.423898,0.364038,0.603355,0.843617,0.45521,0.487728,0.698375,0.701517
MMP_14_str_act,pic50,DMPNN_Change,0.7794826,1.3880912,1.1781728,0.4037063,0.8323757,1.3127932,1.1457719,0.1965876
MMP_14_str_act,pic50,GAT_net,0.9183295,1.871292,1.3679517,0.1961338,0.8650945,1.365461,1.1685294,0.1643557
MMP_14_str_act,pic50,GIN_net,0.8713263,1.6399078,1.2805889,0.2955313,0.8509129,1.3076356,1.1435189,0.199744
MMP_14_str_act,pic50,MPNN_net,0.7044902,1.5059952,1.22719,0.3530574,0.6735668,1.0725287,1.0356296,0.3436264
MMP_14_str_act,pic50,svm,,,,,0.491903128,0.700747455,0.837106597,0.571151674
,,,,,,,,,,
MMP_14_str_act,pic50,rf,,,,,0.453799389,0.488305834,0.698788833,0.701163352
Nicotinamide_phosphoribosyltransferase_str_act,pic50,ChemProp_DMPNN,0.329468,0.234961,0.484728,0.852786,0.349837,0.26585,0.515607,0.837172
Nicotinamide_phosphoribosyltransferase_str_act,pic50,DMPNN_Change,0.589009,0.5861244,0.7655876,0.6327665,0.6157886,0.6306565,0.7941389,0.6137366
Nicotinamide_phosphoribosyltransferase_str_act,pic50,GAT_net,0.600384,0.6536849,0.8085078,0.5904369,0.5825809,0.5925883,0.7697975,0.6370526
Nicotinamide_phosphoribosyltransferase_str_act,pic50,GIN_net,0.566319,0.5455017,0.7385809,0.6582185,0.5404418,0.5271678,0.7260632,0.677121
Nicotinamide_phosphoribosyltransferase_str_act,pic50,MPNN_net,0.4256584,0.3659642,0.6049498,0.7707069,0.416781,0.3622667,0.601886,0.7781194
Nicotinamide_phosphoribosyltransferase_str_act,pic50,svm,,,,,0.363011084,0.319874487,0.565574476,0.804083765
Nicotinamide_phosphoribosyltransferase_str_act,pic50,xgboost,,,,,0.333518741,0.23161444,0.481263379,0.858141065
Nicotinamide_phosphoribosyltransferase_str_act,pic50,rf,,,,,0.326703222,0.237110407,0.486939839,0.85477519
PIK3_str_act,pic50,ChemProp_DMPNN,0.324655,0.254153,0.504135,0.855837,0.396885,0.405989,0.637173,0.776525
PIK3_str_act,pic50,DMPNN_Change,0.5177257,0.5379128,0.7334254,0.6948792,0.5943095,0.7068826,0.8407631,0.6108995
PIK3_str_act,pic50,GAT_net,0.6143041,0.7756437,0.8807063,0.560031,0.6689253,0.8516659,0.9228575,0.5312042
PIK3_str_act,pic50,GIN_net,0.5364138,0.5641738,0.7511151,0.6799832,0.5909226,0.6885675,0.8297997,0.620981
PIK3_str_act,pic50,MPNN_net,0.5168545,0.5870599,0.7661984,0.6670015,0.5376838,0.6093345,0.7805988,0.6645944
PIK3_str_act,pic50,svm,,,,,0.363862427,0.396832694,0.629946581,0.781565249
PIK3_str_act,pic50,xgboost,,,,,0.417095292,0.420993456,0.648840085,0.768265963
PIK3_str_act,pic50,rf,,,,,0.358564511,0.430803756,0.656356424,0.76286608
PKA_str_act,pic50,ChemProp_DMPNN,0.425591,0.412147,0.641987,0.654519,0.494869,0.574807,0.758161,0.758161
PKA_str_act,pic50,DMPNN_Change,0.7204619,0.9185078,0.9583881,0.2300633,0.7472916,0.9887121,0.99434,0.100552
PKA_str_act,pic50,GAT_net,0.753783,1.139182,1.0673247,0.0450838,0.7029096,0.9476411,0.9734686,0.137915
PKA_str_act,pic50,GIN_net,0.6946451,0.9057981,0.9517342,0.2407172,0.6875595,0.8998144,0.9485855,0.1814237
PKA_str_act,pic50,MPNN_net,0.6141373,0.8673619,0.9313227,0.2729362,0.5476706,0.657011,0.8105621,0.4023061
PKA_str_act,pic50,svm,,,,,0.40575759,0.437471667,0.661416409,0.602024615
,,,,,,,,,,
PKA_str_act,pic50,rf,,,,,0.399191284,0.467927372,0.68405217,0.574318647
PKC_theta_str_act,pic50,ChemProp_DMPNN,0.5808237,0.5946953,0.7711649,0.4953434,0.6593723,0.8500373,0.9219747,0.3085347
PKC_theta_str_act,pic50,DMPNN_Change,0.370499,0.294141,0.542347,0.750393,0.388992,0.346113,0.588314,0.718453
PKC_theta_str_act,pic50,GAT_net,0.591939,0.6845679,0.8273862,0.4190778,0.6508842,0.8557419,0.9250632,0.3038942
PKC_theta_str_act,pic50,GIN_net,0.5489084,0.5772559,0.7597736,0.5101424,0.6355581,0.7719737,0.8786203,0.3720356
PKC_theta_str_act,pic50,MPNN_net,0.4654497,0.4582716,0.6769576,0.6111122,0.5086756,0.6149345,0.7841776,0.4997796
PKC_theta_str_act,pic50,svm,,,,,0.379010472,0.455628158,0.675002339,0.629367948
PKC_theta_str_act,pic50,xgboost,,,,,0.377692543,0.36307275,0.602555184,0.704657495
PKC_theta_str_act,pic50,rf,,,,,0.345996182,0.356978103,0.597476446,0.709615052
C_C_chemokine_receptor_type_2_str_act,pic50,ChemProp_DMPNN,0.324743,0.32378,0.569016,0.754996,0.386881,0.386881,0.621998,0.705966
C_C_chemokine_receptor_type_2_str_act,pic50,DMPNN_Change,0.6844007,0.8935061,0.9452545,0.3238848,0.677534,0.8832758,0.9398275,0.3287003
C_C_chemokine_receptor_type_2_str_act,pic50,GAT_net,0.7949687,1.0755992,1.037111,0.186095,0.7899584,1.09389,1.045892,0.1686311
C_C_chemokine_receptor_type_2_str_act,pic50,GIN_net,0.6779275,0.9331012,0.9659717,0.2939231,0.6707481,0.9271759,0.9628998,0.2953357
C_C_chemokine_receptor_type_2_str_act,pic50,MPNN_net,0.4940146,0.6009857,0.7752327,0.5452346,0.4949592,0.6148199,0.7841045,0.53273
C_C_chemokine_receptor_type_2_str_act,pic50,svm,,,,,0.340651244,0.453961195,0.673766425,0.654984355
C_C_chemokine_receptor_type_2_str_act,pic50,xgboost,,,,,0.367540665,0.397635324,0.63058332,0.697792709
C_C_chemokine_receptor_type_2_str_act,pic50,rf,,,,,0.313533403,0.406968418,0.637940764,0.690699399
C_C_chemokine_receptor_type_3_str_act,pic50,ChemProp_DMPNN,0.139386,0.150771,0.388292,0.784223,0.142961,0.160895,0.401117,0.775834
C_C_chemokine_receptor_type_3_str_act,pic50,DMPNN_Change,0.422391,0.5140231,0.716954,0.2643518,0.4244673,0.4781344,0.6914726,0.3338415
C_C_chemokine_receptor_type_3_str_act,pic50,GAT_net,0.3685997,0.5219916,0.7224899,0.2529475,0.3733113,0.4990647,0.7064451,0.3046805
C_C_chemokine_receptor_type_3_str_act,pic50,GIN_net,0.3997582,0.515467,0.7179603,0.2622852,0.3867564,0.4746973,0.6889828,0.3386303
C_C_chemokine_receptor_type_3_str_act,pic50,MPNN_net,0.2232477,0.2888257,0.5374251,0.5866447,0.2095659,0.24841,0.4984075,0.653904
C_C_chemokine_receptor_type_3_str_act,pic50,svm,,,,,0.167564382,0.320028042,0.56571021,0.554122388
C_C_chemokine_receptor_type_3_str_act,pic50,xgboost,,,,,0.179176668,0.173256991,0.416241506,0.758610606
C_C_chemokine_receptor_type_3_str_act,pic50,rf,,,,,0.139825216,0.198002985,0.444975264,0.724133193
Cathepsin_B_str_act,pic50,ChemProp_DMPNN,0.387344,0.410231,0.640493,0.74461,0.404177,0.448246,0.669511,0.69265
Cathepsin_B_str_act,pic50,DMPNN_Change,0.6524101,0.8684597,0.9319118,0.4593388,0.6957405,0.8585324,0.9265703,0.4113278
Cathepsin_B_str_act,pic50,GAT_net,0.8089634,1.1317307,1.0638283,0.2954389,0.8351939,1.1214151,1.0589689,0.2310763
Cathepsin_B_str_act,pic50,GIN_net,0.693618,0.9925325,0.9962593,0.3820971,0.6751111,0.8702513,0.9328726,0.4032925
Cathepsin_B_str_act,pic50,MPNN_net,0.5155184,0.647615,0.8047453,0.596826,0.5507774,0.6418701,0.801168,0.5598872
Cathepsin_B_str_act,pic50,svm,,,,,0.414953473,0.450141951,0.670926189,0.691349924
Cathepsin_B_str_act,pic50,xgboost,,,,,0.393053866,0.396024551,0.629304815,0.728456676
Cathepsin_B_str_act,pic50,rf,,,,,0.346480578,0.337313488,0.580786955,0.768713355
MMP_2_str_act,pic50,ChemProp_DMPNN,0.485302,0.557229,0.746477,0.802053,0.50541,0.541551,0.735901,0.800023
MMP_2_str_act,pic50,DMPNN_Change,0.8388836,1.2528219,1.1192953,0.5549536,0.8455185,1.1676768,1.0805909,0.5688157
MMP_2_str_act,pic50,GAT_net,0.9100182,1.3984567,1.1825636,0.5032192,0.9011835,1.3271977,1.1520407,0.50991
MMP_2_str_act,pic50,GIN_net,0.922577,1.4630693,1.209574,0.4802665,0.8741107,1.2607345,1.1228244,0.5344529
MMP_2_str_act,pic50,MPNN_net,0.6133023,0.7696809,0.8773146,0.7265825,0.6299479,0.801165,0.8950782,0.7041566
MMP_2_str_act,pic50,svm,,,,,0.600546722,0.713653295,0.844780028,0.736471474
MMP_2_str_act,pic50,xgboost,,,,,0.541521661,0.571329354,0.755863317,0.789027095
MMP_2_str_act,pic50,rf,,,,,0.4837804,0.526287621,0.725456836,0.805659413
ZAP70_str_act,pic50,ChemProp_DMPNN,0.254773,0.142386,0.37734,0.914159,0.242803,0.127569,0.357167,0.919353
ZAP70_str_act,pic50,DMPNN_Change,0.6514774,0.857478,0.9260011,0.483046,0.7066416,1.0203976,1.0101473,0.3549154
ZAP70_str_act,pic50,GAT_net,0.7993745,1.1783297,1.085509,0.2896117,0.7615674,1.0929146,1.0454256,0.309071
ZAP70_str_act,pic50,GIN_net,0.5991875,0.7004219,0.8369121,0.5777316,0.5668209,0.6545517,0.8090437,0.5861992
ZAP70_str_act,pic50,MPNN_net,0.3799909,0.3126479,0.5591493,0.8115116,0.4066184,0.347154,0.5891978,0.7805329
ZAP70_str_act,pic50,svm,,,,,0.251826425,0.176122719,0.419669773,0.888657033
ZAP70_str_act,pic50,xgboost,,,,,0.254727059,0.1434601,0.37876127,0.90930593
ZAP70_str_act,pic50,rf,,,,,0.197399494,0.142269524,0.377186326,0.910058856
